{"cameraMode":{"drawMode":0,"name":"Shaded","section":"Shading Mode"},"sceneLighting":true,"audioPlay":false,"sceneViewState":{"showFog":true,"showMaterialUpdate":false,"showSkybox":true,"showFlares":true,"showImageEffects":true,"showParticleSystems":true,"showVisualEffectGraphs":true,"m_FxEnabled":true},"in2DMode":false,"pivot":{"x":-3.2893917560577394,"y":-2.7598509788513185,"z":-7.9767069816589359},"rotation":{"x":0.19066287577152253,"y":-0.8044745326042175,"z":0.44399869441986086,"w":0.34545692801475527},"size":7.244753360748291,"orthographic":false}